last_name,first_name,player_id,year,PA,wOBA,xwOBA,xBA,xSLG,Barrel%,Hard Hit%,O-Contact%,Z-Contact%,O-Swing%,Z-Swing%,Z-O Swing%,Whiff%,Pulled Air%,EV90,Sweet Spot%,Bat Speed
Judge,Aaron,592450.0,2025,679,0.463,0.458,0.303,0.695,0.247,0.5820000000000001,0.444,0.802,0.257,0.703,0.44599999999999995,34.551784160139256,12.371134020618557,111.88000000000001,38.402061855670105,77.00877712031557
Raleigh,Cal,663728.0,2025,705,0.392,0.369,0.234,0.534,0.195,0.496,0.5579999999999999,0.8270000000000001,0.35700000000000004,0.769,0.412,31.5358361774744,33.81995133819951,107.0,34.54987834549878,75.24520654715509
Jr.,Bobby,677951.0,2025,687,0.36,0.363,0.288,0.495,0.125,0.485,0.65,0.868,0.345,0.737,0.392,23.850350740452065,12.871287128712872,108.8,36.039603960396036,74.41717902350814
Ohtani,Shohei,660271.0,2025,727,0.418,0.423,0.277,0.634,0.23399999999999999,0.584,0.522,0.7879999999999999,0.29600000000000004,0.675,0.379,33.22834645669291,15.990453460620524,110.1,34.84486873508354,75.8379523389232
Perdomo,Geraldo,672695.0,2025,720,0.37,0.355,0.28,0.418,0.062,0.319,0.802,0.937,0.21899999999999997,0.5870000000000001,0.3680000000000001,11.74496644295302,16.51031894934334,101.71000000000001,36.210131332082554,68.06871992300289
Turner,Trea,607208.0,2025,639,0.352,0.318,0.271,0.4,0.057999999999999996,0.42100000000000004,0.584,0.893,0.34700000000000003,0.752,0.40499999999999997,24.79806138933764,12.8099173553719,104.2,34.50413223140496,71.23692162417375
Carroll,Corbin,682998.0,2025,642,0.371,0.371,0.265,0.52,0.145,0.499,0.6920000000000001,0.8320000000000001,0.35,0.6809999999999999,0.33099999999999996,24.83606557377049,18.55421686746988,107.4,33.97590361445783,74.70770659238627
Ramirez,Jose,608070.0,2025,673,0.36,0.342,0.287,0.442,0.07,0.37,0.769,0.927,0.32299999999999995,0.6759999999999999,0.353,14.91579791499599,26.095238095238095,104.2,36.38095238095238,71.03645640074211
Lindor,Francisco,596019.0,2025,732,0.35,0.345,0.262,0.447,0.08800000000000001,0.444,0.6829999999999999,0.88,0.307,0.6779999999999999,0.37099999999999994,20.785714285714285,19.615384615384617,104.54,34.61538461538461,70.95143824027073
Jr.,Fernando,665487.0,2025,691,0.353,0.368,0.273,0.479,0.109,0.518,0.562,0.861,0.27899999999999997,0.7190000000000001,0.4400000000000001,26.865671641791046,8.565310492505352,108.57,28.693790149892934,73.91833013435702
Soto,Juan,665742.0,2025,715,0.39,0.427,0.291,0.595,0.18100000000000002,0.551,0.632,0.872,0.18100000000000002,0.575,0.3939999999999999,22.22222222222222,15.212527964205815,108.0,33.1096196868009,73.58148148148148
Pena,Jeremy,665161.0,2025,543,0.363,0.333,0.272,0.426,0.08199999999999999,0.429,0.56,0.8959999999999999,0.39,0.6940000000000001,0.30400000000000005,27.09251101321586,13.399503722084367,104.78,30.76923076923077,72.3398022249691
Rodriguez,Julio,677594.0,2025,710,0.341,0.345,0.275,0.474,0.098,0.48,0.595,0.8320000000000001,0.39799999999999996,0.77,0.37200000000000005,28.21997105643994,10.358565737051793,108.8,31.274900398406373,76.48666114333056
Garcia,Maikel,672580.0,2025,666,0.347,0.335,0.28,0.417,0.055999999999999994,0.451,0.736,0.9279999999999999,0.237,0.602,0.365,14.95049504950495,11.175337186897881,105.5,34.8747591522158,71.89082774049217
Crow-Armstrong,Pete,691718.0,2025,647,0.323,0.321,0.246,0.468,0.13,0.41600000000000004,0.595,0.847,0.456,0.805,0.34900000000000003,28.822238478419898,27.333333333333332,105.2,33.55555555555556,72.6525925925926
Springer,George,543807.0,2025,586,0.408,0.404,0.295,0.563,0.158,0.467,0.596,0.841,0.248,0.7290000000000001,0.4810000000000001,26.07879924953096,16.879795396419436,107.21000000000001,40.40920716112532,73.7190938511327
Buxton,Byron,621439.0,2025,542,0.367,0.348,0.251,0.501,0.17600000000000002,0.5379999999999999,0.503,0.823,0.341,0.757,0.416,31.333333333333336,21.965317919075144,108.6,32.65895953757225,75.08911637931034
Schwarber,Kyle,656941.0,2025,724,0.391,0.402,0.255,0.572,0.20800000000000002,0.596,0.493,0.8,0.251,0.649,0.398,33.072713057075845,25.245098039215684,109.8,34.55882352941176,77.33900087642418
Bellinger,Cody,641355.0,2025,656,0.347,0.322,0.254,0.417,0.075,0.379,0.74,0.91,0.33399999999999996,0.6759999999999999,0.34199999999999997,18.116520351157224,21.301775147928996,102.66,37.67258382642998,70.17992799279928
Henderson,Gunnar,683002.0,2025,651,0.339,0.339,0.278,0.416,0.085,0.49,0.615,0.862,0.314,0.6809999999999999,0.36699999999999994,24.95798319327731,11.685393258426966,106.8,31.011235955056183,75.42984790874526
Hoerner,Nico,663538.0,2025,649,0.324,0.319,0.292,0.382,0.023,0.303,0.8,0.9670000000000001,0.35600000000000004,0.647,0.291,11.209964412811388,14.620938628158845,100.7,35.55956678700361,68.43034274193548
Olson,Matt,621566.0,2025,724,0.366,0.36,0.254,0.482,0.14300000000000002,0.532,0.674,0.809,0.284,0.679,0.3950000000000001,26.15062761506276,14.56953642384106,108.39000000000001,37.086092715231786,74.04032128514056
Kirk,Alejandro,672386.0,2025,506,0.334,0.357,0.283,0.468,0.10099999999999999,0.508,0.753,0.8909999999999999,0.325,0.674,0.34900000000000003,18.52248394004283,10.804020100502512,106.58000000000001,35.175879396984925,72.66002400960384
Marte,Ketel,606466.0,2025,556,0.381,0.389,0.29,0.523,0.135,0.47,0.679,0.872,0.28300000000000003,0.6940000000000001,0.41100000000000003,22.444678609062173,18.5,107.36,32.5,74.75799522673032
Caminero,Junior,691406.0,2025,653,0.357,0.344,0.259,0.491,0.14,0.514,0.649,0.85,0.35100000000000003,0.7190000000000001,0.36800000000000005,24.721780604133546,17.768595041322314,109.5,27.27272727272727,78.6146814404432
Tucker,Kyle,663656.0,2025,597,0.363,0.371,0.274,0.475,0.10800000000000001,0.402,0.64,0.885,0.214,0.742,0.528,20.0,20.588235294117645,103.93,37.00980392156863,72.05175438596491
Jr.,Jazz,665862.0,2025,531,0.349,0.346,0.237,0.476,0.15,0.433,0.532,0.785,0.295,0.698,0.40299999999999997,32.07171314741036,22.570532915360502,105.42,32.60188087774294,73.9027149321267
Turang,Brice,668930.0,2025,659,0.346,0.334,0.263,0.422,0.079,0.474,0.691,0.868,0.28,0.628,0.348,20.928338762214985,5.215419501133787,104.21000000000001,36.054421768707485,70.48738489871087
Cruz,Elly,682829.0,2025,699,0.333,0.322,0.253,0.419,0.102,0.441,0.5329999999999999,0.82,0.317,0.652,0.335,31.725265739983648,8.240534521158128,107.74000000000001,33.4075723830735,74.53788300835653
Smith,Will,669257.0,2025,436,0.389,0.376,0.272,0.481,0.122,0.47100000000000003,0.653,0.88,0.226,0.599,0.373,22.040816326530614,13.86861313868613,105.64,41.605839416058394,69.74376947040498
Langford,Wyatt,694671.0,2025,573,0.337,0.344,0.241,0.438,0.14,0.484,0.5579999999999999,0.87,0.262,0.67,0.40800000000000003,26.294820717131472,19.825072886297377,107.03999999999999,35.56851311953353,73.19575418994414
Stowers,Kyle,669065.0,2025,457,0.386,0.375,0.27,0.526,0.19,0.52,0.522,0.7929999999999999,0.327,0.8109999999999999,0.48399999999999993,32.467532467532465,20.43010752688172,108.16,38.70967741935484,75.0001226993865
Seager,Corey,608369.0,2025,445,0.365,0.401,0.29,0.563,0.153,0.536,0.525,0.85,0.267,0.821,0.5539999999999999,27.85114045618247,9.491525423728813,108.0,34.23728813559322,72.57626886145405
Adames,Willy,642715.0,2025,686,0.321,0.326,0.227,0.428,0.126,0.42700000000000005,0.528,0.856,0.305,0.7070000000000001,0.4020000000000001,29.173047473200615,21.852731591448933,103.7,33.966745843230406,72.08684668989547
Freeman,Freddie,518692.0,2025,627,0.37,0.349,0.271,0.46,0.10400000000000001,0.457,0.627,0.8059999999999999,0.32799999999999996,0.7809999999999999,0.45299999999999996,27.26537216828479,16.166281755196305,104.3,36.72055427251732,69.83067033976126
Langeliers,Shea,669127.0,2025,523,0.364,0.328,0.255,0.454,0.11,0.446,0.637,0.867,0.36700000000000005,0.747,0.37999999999999995,25.074331020812686,20.626631853785902,107.8,33.420365535248045,73.88190045248868
Jr.,Vladimir,665489.0,2025,680,0.366,0.384,0.306,0.499,0.122,0.507,0.669,0.87,0.255,0.642,0.387,21.49621212121212,11.022044088176353,110.3,33.66733466933868,76.8136612021858
Duran,Jarren,680776.0,2025,696,0.335,0.325,0.251,0.403,0.09699999999999999,0.46799999999999997,0.547,0.88,0.34700000000000003,0.6459999999999999,0.2989999999999999,29.321486268174475,12.087912087912088,108.0,35.38461538461539,74.8488909426987
Bichette,Bo,666182.0,2025,628,0.361,0.352,0.299,0.465,0.079,0.488,0.713,0.917,0.379,0.746,0.367,18.448979591836732,10.323886639676113,105.49000000000001,39.27125506072874,69.12256509161043
Suarez,Eugenio,553993.0,2025,657,0.347,0.316,0.212,0.449,0.14300000000000002,0.47600000000000003,0.489,0.826,0.342,0.7190000000000001,0.37700000000000006,33.33333333333333,27.56892230576441,106.66,32.33082706766917,72.24258456201214
Machado,Manny,592518.0,2025,678,0.341,0.354,0.275,0.486,0.129,0.515,0.605,0.845,0.324,0.7290000000000001,0.4050000000000001,26.057401812688823,15.132924335378323,107.7,34.96932515337423,74.50143824027073
Rafaela,Ceddanne,678882.0,2025,587,0.307,0.304,0.246,0.408,0.092,0.387,0.631,0.851,0.45,0.757,0.307,26.73583399840383,14.976958525345621,104.37,32.94930875576037,70.91289167412712
Chapman,Matt,656305.0,2025,535,0.336,0.341,0.247,0.415,0.099,0.47600000000000003,0.612,0.851,0.242,0.6679999999999999,0.42599999999999993,25.29348986125934,16.566265060240966,107.5,33.734939759036145,75.0338630806846
Alonso,Pete,624413.0,2025,709,0.368,0.385,0.278,0.56,0.18899999999999997,0.544,0.64,0.851,0.308,0.674,0.36600000000000005,25.615384615384617,14.012738853503185,110.1,38.853503184713375,75.36345811051693
Frelick,Sal,686217.0,2025,594,0.332,0.298,0.255,0.336,0.03,0.272,0.8340000000000001,0.938,0.308,0.591,0.283,12.413793103448276,16.447368421052634,100.3,31.359649122807014,68.08608597285068
Contreras,William,661388.0,2025,659,0.332,0.33,0.256,0.391,0.064,0.485,0.652,0.851,0.29100000000000004,0.708,0.4169999999999999,24.15824915824916,7.7433628318584065,107.4,31.858407079646017,73.23618233618232
Jr.,Ronald,660670.0,2025,412,0.403,0.395,0.265,0.525,0.157,0.525,0.634,0.774,0.266,0.7240000000000001,0.4580000000000001,30.34825870646766,9.745762711864407,109.75,31.779661016949152,76.41428571428571
Busch,Michael,683737.0,2025,592,0.369,0.378,0.266,0.539,0.171,0.473,0.547,0.868,0.275,0.693,0.4179999999999999,24.53358208955224,18.75,105.4,40.625,69.55643776824034
Harper,Bryce,547180.0,2025,580,0.361,0.368,0.272,0.486,0.12300000000000001,0.475,0.551,0.8370000000000001,0.381,0.8079999999999999,0.42699999999999994,30.671197960917585,13.577023498694519,107.2,37.85900783289817,74.17109826589595
Bregman,Alex,608324.0,2025,495,0.356,0.334,0.255,0.417,0.066,0.444,0.731,0.9259999999999999,0.23399999999999999,0.612,0.378,15.04424778761062,20.82191780821918,102.76,32.87671232876712,71.09277620396601
Wilson,Jacob,805779.0,2025,523,0.348,0.303,0.278,0.36,0.022000000000000002,0.247,0.8809999999999999,0.941,0.36,0.677,0.31700000000000006,9.595375722543352,12.222222222222221,99.38000000000001,31.77777777777778,63.80398899587345
Winn,Masyn,691026.0,2025,537,0.297,0.284,0.241,0.34,0.048,0.34600000000000003,0.742,0.897,0.297,0.631,0.334,19.43081452404318,17.557251908396946,103.88000000000001,32.56997455470738,71.03875278396436
Goodman,Hunter,696100.0,2025,579,0.359,0.321,0.247,0.453,0.128,0.469,0.527,0.835,0.397,0.772,0.375,32.00677392040643,17.435897435897434,107.54,32.30769230769231,74.43900778210119
Soderstrom,Tyler,691016.0,2025,624,0.354,0.341,0.265,0.449,0.114,0.498,0.607,0.882,0.32899999999999996,0.6920000000000001,0.3630000000000001,25.36764705882353,10.42654028436019,107.2,34.59715639810427,74.03032528856242
Betts,Mookie,605141.0,2025,663,0.318,0.327,0.268,0.413,0.055,0.358,0.68,0.9470000000000001,0.249,0.626,0.377,15.301085883514315,17.702448210922785,101.6,38.22975517890772,69.00278422273782
Devers,Rafael,646240.0,2025,729,0.365,0.367,0.248,0.479,0.16,0.561,0.66,0.737,0.294,0.72,0.426,31.557093425605537,13.842482100238662,108.2,33.89021479713604,71.66422379826636
Swanson,Dansby,621020.0,2025,645,0.31,0.344,0.269,0.474,0.11699999999999999,0.47700000000000004,0.498,0.816,0.29,0.763,0.47300000000000003,30.462519936204146,14.622641509433961,104.74,37.735849056603776,70.90268336314848
Grisham,Trent,663757.0,2025,581,0.353,0.366,0.249,0.481,0.142,0.46399999999999997,0.621,0.867,0.198,0.602,0.40399999999999997,22.688172043010752,20.11173184357542,105.1,33.24022346368715,70.94273399014779
Bader,Harrison,664056.0,2025,501,0.346,0.295,0.223,0.364,0.102,0.40299999999999997,0.625,0.825,0.36,0.654,0.29400000000000004,28.955866523143165,20.634920634920633,106.30000000000001,32.698412698412696,73.59722891566264
McKinstry,Zach,656716.0,2025,511,0.333,0.303,0.248,0.35,0.061,0.305,0.6679999999999999,0.868,0.313,0.655,0.342,22.842105263157894,17.29106628242075,101.88000000000001,41.210374639769455,67.60550239234449
Bogaerts,Xander,593428.0,2025,552,0.313,0.325,0.268,0.406,0.069,0.392,0.648,0.888,0.272,0.597,0.32499999999999996,21.184510250569478,14.77832512315271,105.6,36.69950738916256,72.23513513513514
Clement,Ernie,676391.0,2025,588,0.308,0.29,0.263,0.356,0.024,0.26,0.765,0.941,0.39899999999999997,0.718,0.319,14.427860696517413,20.56451612903226,100.26,36.49193548387097,67.53344867358709
Kwan,Steven,680757.0,2025,693,0.31,0.308,0.274,0.362,0.019,0.193,0.816,0.972,0.255,0.6,0.345,8.732876712328768,13.73913043478261,98.02000000000001,39.82608695652174,63.57873443983403
Bailey,Patrick,672275.0,2025,452,0.265,0.261,0.211,0.323,0.055999999999999994,0.364,0.546,0.8490000000000001,0.324,0.6990000000000001,0.37500000000000006,28.47058823529412,13.986013986013987,103.36,35.66433566433567,71.47817460317461
Naylor,Josh,647304.0,2025,604,0.351,0.332,0.273,0.425,0.066,0.41600000000000004,0.6679999999999999,0.887,0.39799999999999996,0.731,0.333,22.119815668202765,16.559139784946236,104.3,30.32258064516129,70.89278794402584
Neto,Zach,687263.0,2025,554,0.337,0.343,0.253,0.486,0.14,0.466,0.545,0.848,0.336,0.708,0.37199999999999994,29.00473933649289,23.18435754189944,105.73,37.150837988826815,71.37933261571581
Abrams,CJ,682928.0,2025,635,0.324,0.308,0.248,0.394,0.076,0.392,0.652,0.858,0.366,0.679,0.31300000000000006,24.381926683716966,18.51851851851852,104.1,34.42265795206972,72.37866795366794
Stott,Bryson,681082.0,2025,560,0.315,0.312,0.247,0.387,0.051,0.295,0.773,0.903,0.262,0.563,0.30099999999999993,16.582914572864322,12.318840579710146,102.53999999999999,36.473429951690825,69.34314835787089
Laureano,Ramon,657656.0,2025,488,0.364,0.36,0.274,0.503,0.138,0.488,0.57,0.8390000000000001,0.293,0.6990000000000001,0.4060000000000001,27.358490566037734,19.32515337423313,106.81,37.11656441717792,72.175753920386
O'Hearn,Ryan,656811.0,2025,544,0.349,0.343,0.272,0.425,0.076,0.423,0.65,0.8759999999999999,0.299,0.691,0.39199999999999996,23.326771653543307,12.195121951219512,103.1,38.482384823848236,71.88897550111359
Merrill,Jackson,701538.0,2025,483,0.331,0.348,0.268,0.484,0.13,0.429,0.617,0.857,0.418,0.809,0.39100000000000007,27.1356783919598,13.017751479289942,105.3,42.01183431952663,71.97356725146199
Nimmo,Brandon,607043.0,2025,652,0.329,0.321,0.256,0.414,0.08800000000000001,0.502,0.626,0.855,0.281,0.6809999999999999,0.3999999999999999,23.797881010594946,10.572687224669604,106.2,29.955947136563875,72.25824693685203
Story,Trevor,596115.0,2025,654,0.32,0.309,0.25,0.412,0.098,0.47,0.547,0.845,0.385,0.738,0.353,29.315476190476193,13.24200913242009,106.4,32.87671232876712,71.1327615780446
Wells,Austin,669224.0,2025,448,0.302,0.293,0.216,0.393,0.102,0.451,0.58,0.8440000000000001,0.326,0.7340000000000001,0.4080000000000001,27.39273927392739,18.70748299319728,106.24,32.99319727891156,73.44503722084367
Diaz,Yandy,650490.0,2025,651,0.364,0.354,0.289,0.455,0.083,0.524,0.73,0.9059999999999999,0.278,0.652,0.374,17.857142857142858,4.435483870967742,109.19000000000001,29.233870967741936,73.60000000000001
Muncy,Max,571970.0,2025,388,0.366,0.376,0.243,0.495,0.136,0.515,0.638,0.847,0.23800000000000002,0.684,0.44600000000000006,23.5640648011782,27.705627705627705,105.8,37.22943722943723,71.08605851979345
Greene,Riley,682985.0,2025,655,0.343,0.336,0.243,0.489,0.171,0.455,0.589,0.8009999999999999,0.342,0.7659999999999999,0.4239999999999999,30.920590302178496,15.346534653465346,107.77,36.386138613861384,75.66733547351525
Ward,Taylor,621493.0,2025,663,0.339,0.331,0.234,0.44,0.13699999999999998,0.42700000000000005,0.586,0.8909999999999999,0.23399999999999999,0.5660000000000001,0.3320000000000001,23.83222116301239,14.878048780487804,105.11,34.63414634146341,69.48020247469066
Donovan,Brendan,680977.0,2025,515,0.337,0.346,0.285,0.442,0.08800000000000001,0.409,0.774,0.935,0.278,0.629,0.351,13.404507710557533,13.784461152882205,103.63999999999999,41.10275689223057,69.274043715847
Chourio,Jackson,694192.0,2025,589,0.328,0.305,0.25,0.415,0.09699999999999999,0.423,0.634,0.8690000000000001,0.406,0.713,0.30699999999999994,25.97864768683274,11.954022988505747,105.9,34.48275862068966,73.839518555667
Arozarena,Randy,668227.0,2025,709,0.332,0.325,0.23,0.407,0.115,0.506,0.634,0.777,0.285,0.6509999999999999,0.36599999999999994,29.746835443037973,15.456674473067917,106.65,32.31850117096019,72.30850869167429
Cronenworth,Jake,630105.0,2025,515,0.333,0.318,0.227,0.348,0.062,0.389,0.688,0.9109999999999999,0.252,0.643,0.391,18.776824034334762,13.93188854489164,102.88000000000001,32.19814241486068,70.79717097170972
Friedl,TJ,670770.0,2025,685,0.333,0.301,0.231,0.315,0.027000000000000003,0.321,0.6459999999999999,0.922,0.217,0.588,0.371,17.2147001934236,18.6046511627907,101.58,32.98097251585624,69.71611842105263
Contreras,Willson,575929.0,2025,563,0.344,0.358,0.26,0.48,0.138,0.489,0.5770000000000001,0.847,0.344,0.6729999999999999,0.32899999999999996,28.776290630975144,17.847025495750707,108.2,37.960339943342774,75.96986006458557
Happ,Ian,664023.0,2025,663,0.333,0.352,0.26,0.447,0.10400000000000001,0.444,0.5820000000000001,0.867,0.24,0.6579999999999999,0.4179999999999999,24.57191780821918,18.615751789976134,105.73,35.79952267303103,71.74863813229572
Crawford,J.P.,641487.0,2025,654,0.322,0.328,0.268,0.382,0.048,0.34700000000000003,0.713,0.863,0.251,0.672,0.42100000000000004,20.389926888708366,14.065934065934066,102.7,39.78021978021978,71.02331460674156
Herrera,Ivan,671056.0,2025,452,0.365,0.371,0.278,0.483,0.11,0.474,0.609,0.89,0.287,0.6609999999999999,0.37399999999999994,23.31288343558282,10.38961038961039,107.7,34.090909090909086,74.44728571428573
Polanco,Jorge,593871.0,2025,524,0.35,0.341,0.27,0.454,0.10300000000000001,0.45799999999999996,0.617,0.889,0.306,0.684,0.37800000000000006,23.265741728922094,21.41057934508816,105.8,33.75314861460957,71.13942786069651
Suzuki,Seiya,673548.0,2025,651,0.343,0.351,0.252,0.481,0.166,0.48700000000000004,0.613,0.87,0.249,0.605,0.356,23.988970588235293,19.708029197080293,107.0,40.38929440389295,73.43364293085655
Kelly,Carson,608348.0,2025,421,0.332,0.32,0.239,0.404,0.096,0.40299999999999997,0.6729999999999999,0.8809999999999999,0.261,0.6920000000000001,0.43100000000000005,20.619946091644206,20.344827586206897,103.6,36.55172413793103,70.5409509202454
Torres,Gleyber,650402.0,2025,628,0.332,0.362,0.272,0.453,0.08199999999999999,0.39,0.69,0.893,0.21100000000000002,0.684,0.47300000000000003,19.518963922294173,10.730593607305936,104.56000000000002,38.58447488584475,70.21661375661375
Correa,Carlos,621043.0,2025,584,0.322,0.338,0.282,0.435,0.068,0.45899999999999996,0.6679999999999999,0.8809999999999999,0.313,0.6679999999999999,0.3549999999999999,22.273998136067103,12.941176470588237,106.6,35.05882352941177,73.92857142857143
Aranda,Jonathan,666018.0,2025,422,0.381,0.381,0.294,0.506,0.128,0.541,0.67,0.8320000000000001,0.318,0.701,0.38299999999999995,24.910179640718564,17.293233082706767,106.88000000000001,42.857142857142854,70.48751714677641
Paredes,Isaac,670623.0,2025,438,0.353,0.318,0.236,0.371,0.063,0.336,0.762,0.9109999999999999,0.259,0.612,0.353,16.352201257861633,36.18421052631579,102.5,36.51315789473684,68.94662576687118
Edwards,Xavier,669364.0,2025,619,0.308,0.293,0.262,0.329,0.008,0.294,0.794,0.94,0.28800000000000003,0.708,0.41999999999999993,12.079927338782923,9.394572025052192,100.5,33.82045929018789,66.56370292887028
Rooker,Brent,667670.0,2025,699,0.349,0.352,0.267,0.482,0.13699999999999998,0.447,0.511,0.828,0.306,0.7709999999999999,0.4649999999999999,30.76923076923077,18.39323467230444,105.8,39.74630021141649,73.57960819234194
Yelich,Christian,592885.0,2025,644,0.343,0.331,0.248,0.437,0.10300000000000001,0.46399999999999997,0.546,0.853,0.29600000000000004,0.677,0.381,28.849407783417934,6.6339066339066335,106.7,30.46683046683047,73.29248120300753
Abreu,Wilyer,677800.0,2025,417,0.334,0.335,0.245,0.469,0.12300000000000001,0.449,0.622,0.868,0.32899999999999996,0.754,0.42500000000000004,23.918269230769234,24.27536231884058,107.45,31.15942028985507,74.15188679245283
Marsh,Brandon,669016.0,2025,425,0.339,0.329,0.266,0.426,0.083,0.462,0.597,0.9109999999999999,0.324,0.669,0.34500000000000003,23.175416133162614,12.681159420289855,103.66,38.768115942028984,71.37293777134587
Lee,Jung,808982.0,2025,617,0.32,0.318,0.278,0.378,0.037000000000000005,0.32,0.762,0.9309999999999999,0.26,0.657,0.397,13.13035204567079,11.561866125760648,101.3,33.67139959432049,68.31663019693653
Torkelson,Spencer,679529.0,2025,649,0.339,0.334,0.23,0.451,0.135,0.451,0.557,0.861,0.258,0.68,0.42200000000000004,26.916524701873932,27.56892230576441,104.52,39.59899749373433,73.11955684007708
Baty,Brett,683146.0,2025,432,0.324,0.335,0.257,0.453,0.128,0.467,0.588,0.846,0.276,0.687,0.41100000000000003,27.26161369193154,12.152777777777777,107.04,32.98611111111111,74.82513966480447
Yastrzemski,Mike,573262.0,2025,558,0.321,0.327,0.239,0.408,0.085,0.426,0.727,0.8859999999999999,0.261,0.623,0.362,18.89927310488058,20.47872340425532,103.64,36.702127659574465,71.14465334900116
Meyers,Jake,676694.0,2025,381,0.323,0.323,0.271,0.395,0.05,0.389,0.5720000000000001,0.9229999999999999,0.272,0.713,0.44099999999999995,20.91917591125198,10.0,103.43,34.64285714285714,68.31634980988592
Lopez,Otto,672640.0,2025,594,0.295,0.328,0.271,0.426,0.071,0.38299999999999995,0.701,0.91,0.312,0.662,0.35000000000000003,18.781725888324875,10.10752688172043,104.58,32.47311827956989,71.69713958810068
Dubon,Mauricio,643289.0,2025,398,0.283,0.275,0.246,0.323,0.012,0.263,0.765,0.92,0.39,0.721,0.33099999999999996,15.775034293552812,15.105740181268882,99.82000000000001,32.02416918429003,67.98383045525902
Burleson,Alec,676475.0,2025,546,0.346,0.343,0.275,0.46,0.094,0.428,0.7659999999999999,0.8809999999999999,0.33,0.696,0.36599999999999994,17.857142857142858,11.82033096926714,106.11,34.2789598108747,72.33115338882283
Altuve,Jose,514888.0,2025,654,0.331,0.301,0.241,0.382,0.062,0.309,0.735,0.91,0.401,0.647,0.246,20.10443864229765,23.045267489711936,102.36,30.04115226337449,69.49026369168357
Jeffers,Ryan,680777.0,2025,464,0.333,0.323,0.247,0.395,0.063,0.42100000000000004,0.69,0.888,0.267,0.56,0.29300000000000004,21.095890410958905,13.60759493670886,105.7,33.22784810126582,72.36352201257861
McNeil,Jeff,643446.0,2025,462,0.324,0.327,0.267,0.385,0.051,0.32899999999999996,0.72,0.9159999999999999,0.32299999999999995,0.767,0.44400000000000006,16.611661166116612,23.42857142857143,101.2,38.857142857142854,70.74968474148802
Realmuto,J.T.,592663.0,2025,550,0.307,0.315,0.256,0.404,0.08800000000000001,0.45399999999999996,0.625,0.9009999999999999,0.353,0.664,0.31100000000000005,24.250936329588015,10.106382978723403,105.75,37.234042553191486,72.11139784946238
Caballero,Jose,676609.0,2025,370,0.309,0.294,0.22,0.323,0.059000000000000004,0.306,0.591,0.88,0.31,0.625,0.315,26.229508196721312,16.666666666666664,102.17,36.93693693693694,68.79758620689657
Semien,Marcus,543760.0,2025,534,0.295,0.317,0.245,0.39,0.067,0.35,0.591,0.893,0.27899999999999997,0.777,0.49800000000000005,22.63779527559055,19.4300518134715,102.4,35.233160621761655,68.43445086705202
Butler,Lawrence,671732.0,2025,630,0.31,0.305,0.233,0.387,0.092,0.444,0.514,0.809,0.3,0.7040000000000001,0.4040000000000001,32.82571912013537,9.183673469387756,106.8,33.92857142857143,73.73199233716475
Westburg,Jordan,676059.0,2025,352,0.332,0.327,0.256,0.453,0.11199999999999999,0.434,0.578,0.813,0.312,0.74,0.428,29.402756508422666,10.441767068273093,106.36,30.120481927710845,70.79391771019678
McMahon,Ryan,641857.0,2025,586,0.306,0.323,0.222,0.417,0.121,0.505,0.47100000000000003,0.784,0.278,0.665,0.387,35.07067137809187,15.170278637770899,106.8,35.91331269349845,73.9827380952381
Trout,Mike,545361.0,2025,556,0.343,0.358,0.238,0.466,0.158,0.491,0.539,0.823,0.22699999999999998,0.594,0.367,29.93762993762994,15.492957746478872,107.9,45.07042253521127,74.07649122807017
Lukes,Nathan,664770.0,2025,438,0.317,0.313,0.261,0.385,0.047,0.36700000000000005,0.8240000000000001,0.91,0.348,0.653,0.30500000000000005,14.022140221402212,11.538461538461538,102.26,31.360946745562128,67.88094555873926
Smith,Josh,669701.0,2025,563,0.311,0.313,0.251,0.367,0.05,0.31,0.6679999999999999,0.905,0.3,0.623,0.323,19.596541786743515,13.283208020050125,101.83,34.58646616541353,68.9734649122807
Horwitz,Spencer,687462.0,2025,411,0.344,0.325,0.254,0.399,0.08199999999999999,0.36,0.68,0.9129999999999999,0.276,0.6940000000000001,0.41800000000000004,17.8117048346056,14.726027397260275,102.5,39.04109589041096,68.4727672035139
Lowe,Brandon,664040.0,2025,553,0.334,0.337,0.258,0.476,0.129,0.46399999999999997,0.473,0.815,0.36200000000000004,0.7929999999999999,0.4309999999999999,33.36134453781512,20.87912087912088,106.4,39.010989010989015,73.90752380952381
Bohm,Alec,664761.0,2025,504,0.322,0.324,0.279,0.408,0.062,0.46399999999999997,0.7440000000000001,0.93,0.292,0.6990000000000001,0.4070000000000001,14.631336405529954,6.185567010309279,104.2,35.824742268041234,71.73932291666667
Riley,Austin,663586.0,2025,447,0.318,0.328,0.249,0.459,0.152,0.502,0.5589999999999999,0.813,0.317,0.75,0.433,29.46330777656079,19.72318339100346,109.24,36.67820069204152,75.90714285714286
Jung,Josh,673962.0,2025,511,0.298,0.3,0.248,0.401,0.08199999999999999,0.467,0.6609999999999999,0.8540000000000001,0.363,0.72,0.357,25.430597771023304,11.048158640226628,103.93,39.376770538243626,70.30126728110599
II,Victor,687363.0,2025,463,0.274,0.283,0.224,0.304,0.037000000000000005,0.26,0.523,0.866,0.271,0.7240000000000001,0.45300000000000007,26.53061224489796,13.666666666666666,100.93,35.333333333333336,67.8377331420373
Keith,Colt,690993.0,2025,468,0.326,0.339,0.26,0.434,0.092,0.43700000000000006,0.648,0.88,0.297,0.644,0.34700000000000003,22.46642246642247,15.822784810126583,105.2,41.77215189873418,70.81983471074379
Diaz,Yainer,673237.0,2025,567,0.3,0.329,0.273,0.465,0.096,0.42200000000000004,0.6679999999999999,0.895,0.47700000000000004,0.7909999999999999,0.3139999999999999,23.360287511230908,12.88888888888889,105.6,34.66666666666667,72.20184049079754
Cruz,Oneil,665833.0,2025,544,0.295,0.321,0.22,0.413,0.179,0.5660000000000001,0.5579999999999999,0.7759999999999999,0.3,0.601,0.301,34.01506996770721,9.602649006622517,113.8,30.4635761589404,78.88903940886699
Gonzalez,Romy,663853.0,2025,341,0.352,0.346,0.282,0.476,0.126,0.573,0.52,0.862,0.381,0.7559999999999999,0.3749999999999999,29.235382308845576,7.112970711297072,107.56,33.47280334728033,74.25262267343486
Pasquantino,Vinnie,686469.0,2025,682,0.34,0.334,0.263,0.456,0.10800000000000001,0.447,0.7,0.919,0.32899999999999996,0.67,0.3410000000000001,18.233387358184768,19.653179190751445,105.68,34.8747591522158,72.59484346224677
Carpenter,Kerry,681481.0,2025,464,0.335,0.334,0.255,0.484,0.12300000000000001,0.462,0.644,0.846,0.38299999999999995,0.7240000000000001,0.34100000000000014,26.22415669205658,24.924012158054712,104.6,37.38601823708207,71.96985294117647
Triolo,Jared,669707.0,2025,376,0.296,0.311,0.241,0.378,0.062,0.382,0.564,0.884,0.267,0.6990000000000001,0.43200000000000005,23.9067055393586,12.355212355212355,103.32000000000001,34.74903474903475,71.41341059602648
Naylor,Bo,666310.0,2025,414,0.289,0.292,0.205,0.364,0.09699999999999999,0.38299999999999995,0.647,0.884,0.316,0.66,0.34400000000000003,21.96969696969697,23.42007434944238,104.46000000000001,37.54646840148699,72.41965811965812
Wallner,Matt,670242.0,2025,392,0.334,0.325,0.206,0.427,0.138,0.455,0.504,0.7509999999999999,0.309,0.755,0.446,35.54140127388535,24.553571428571427,108.38000000000001,33.482142857142854,76.60332850940667
Tauchman,Mike,643565.0,2025,385,0.335,0.32,0.246,0.374,0.068,0.38799999999999996,0.643,0.8370000000000001,0.266,0.6920000000000001,0.42600000000000005,24.262734584450403,19.2,103.60000000000001,35.6,69.0655487804878
Schanuel,Nolan,694384.0,2025,564,0.327,0.327,0.264,0.384,0.045,0.29,0.7390000000000001,0.924,0.27399999999999997,0.6679999999999999,0.39399999999999996,15.00513874614594,16.27358490566038,100.77,37.735849056603776,67.45656441717792
Sosa,Lenyn,672820.0,2025,544,0.313,0.326,0.266,0.461,0.10400000000000001,0.43799999999999994,0.684,0.904,0.436,0.612,0.176,23.450905624404193,16.962025316455694,104.9,38.9873417721519,72.61907327586206
Clemens,Kody,665019.0,2025,386,0.307,0.33,0.246,0.456,0.12,0.483,0.645,0.853,0.315,0.684,0.36900000000000005,23.91891891891892,17.760617760617762,106.03,34.36293436293436,72.19161585365853
Baez,Javier,595879.0,2025,437,0.293,0.27,0.231,0.354,0.054000000000000006,0.397,0.5760000000000001,0.865,0.467,0.6759999999999999,0.2089999999999999,30.624263839811544,14.14790996784566,103.1,31.189710610932476,73.4728494623656
II,Michael,671739.0,2025,641,0.289,0.314,0.271,0.432,0.091,0.433,0.617,0.912,0.461,0.705,0.24399999999999994,24.37449556093624,10.526315789473683,108.6,30.16194331983806,74.25110701107012
McLain,Matt,680574.0,2025,577,0.286,0.287,0.213,0.347,0.077,0.406,0.569,0.846,0.292,0.611,0.319,28.40352595494613,10.285714285714285,103.3,33.14285714285714,69.65497737556561
Hayes,Ke'Bryan,663647.0,2025,570,0.266,0.281,0.24,0.336,0.045,0.423,0.657,0.9179999999999999,0.29,0.629,0.339,19.894736842105264,5.023923444976076,103.6,31.57894736842105,71.17481927710843
Ortiz,Joey,687401.0,2025,506,0.263,0.273,0.245,0.322,0.03,0.32799999999999996,0.7390000000000001,0.927,0.361,0.5720000000000001,0.21100000000000008,15.96351197263398,11.442786069651742,103.72,27.611940298507463,72.29297789336802
Profar,Jurickson,595777.0,2025,371,0.346,0.322,0.232,0.379,0.073,0.402,0.723,0.92,0.27399999999999997,0.687,0.4130000000000001,16.855524079320112,20.84942084942085,104.08,28.185328185328185,70.91851851851851
Sheets,Gavin,657757.0,2025,545,0.323,0.339,0.266,0.446,0.095,0.465,0.6779999999999999,0.871,0.34,0.598,0.25799999999999995,22.963689892051033,21.079691516709513,105.38000000000001,38.81748071979435,74.85109890109892
Vargas,Miguel,678246.0,2025,569,0.314,0.315,0.238,0.393,0.09300000000000001,0.405,0.716,0.872,0.252,0.726,0.474,20.577281191806332,20.884520884520885,103.05000000000001,37.59213759213759,70.62337938363444
Mullins,Cedric,656775.0,2025,498,0.302,0.283,0.209,0.334,0.062,0.358,0.675,0.855,0.289,0.7090000000000001,0.4200000000000001,23.137254901960784,28.39506172839506,102.58,33.0246913580247,71.0071590909091
Albies,Ozzie,645277.0,2025,667,0.295,0.298,0.244,0.362,0.049,0.307,0.7120000000000001,0.8740000000000001,0.364,0.8,0.43600000000000005,20.76923076923077,23.929961089494164,100.81,33.26848249027237,68.96509349955475
Jr.,Luis,673357.0,2025,431,0.289,0.322,0.25,0.42,0.10099999999999999,0.41200000000000003,0.54,0.813,0.358,0.785,0.42700000000000005,31.73431734317343,17.51824817518248,106.0,35.76642335766424,75.6099447513812
Adell,Jo,666176.0,2025,573,0.333,0.362,0.262,0.534,0.172,0.496,0.552,0.8590000000000001,0.35700000000000004,0.7659999999999999,0.40899999999999986,28.53470437017995,13.829787234042554,109.0,35.37234042553192,77.62725509214354
Hays,Austin,669720.0,2025,416,0.327,0.3,0.238,0.397,0.10400000000000001,0.384,0.5379999999999999,0.826,0.37200000000000005,0.736,0.36399999999999993,31.442663378545006,18.996415770609318,104.0,31.899641577060933,71.92251748251748
Ozuna,Marcell,542303.0,2025,592,0.334,0.351,0.241,0.437,0.114,0.444,0.627,0.8420000000000001,0.242,0.619,0.377,25.794032723772858,15.714285714285714,106.3,35.14285714285714,72.8974585635359
Rutschman,Adley,668939.0,2025,365,0.298,0.324,0.244,0.401,0.075,0.386,0.7509999999999999,0.9329999999999999,0.254,0.611,0.357,14.545454545454545,16.853932584269664,104.64,33.70786516853933,70.06882129277567
Edman,Tommy,669242.0,2025,377,0.284,0.32,0.274,0.404,0.045,0.39899999999999997,0.672,0.9359999999999999,0.32899999999999996,0.653,0.32400000000000007,19.64856230031949,18.021201413427562,103.4,34.275618374558306,70.2605072463768
Andujar,Miguel,609280.0,2025,341,0.354,0.296,0.261,0.376,0.047,0.354,0.746,0.912,0.39799999999999996,0.7390000000000001,0.34100000000000014,17.846153846153847,12.043795620437956,104.69,31.751824817518248,71.81260794473229
Marte,Noelvi,682622.0,2025,360,0.321,0.303,0.247,0.413,0.09,0.363,0.623,0.85,0.37,0.728,0.358,27.134146341463417,12.890625,105.08,32.421875,73.25492227979275
Stephenson,Tyler,663886.0,2025,342,0.319,0.311,0.221,0.406,0.14400000000000002,0.49200000000000005,0.56,0.836,0.29100000000000004,0.634,0.34299999999999997,30.57851239669421,16.0427807486631,104.15,42.24598930481284,70.16698113207548
Ramos,Heliot,671218.0,2025,695,0.319,0.32,0.245,0.41,0.08800000000000001,0.474,0.614,0.892,0.33299999999999996,0.6709999999999999,0.33799999999999997,25.25651144435675,11.11111111111111,107.4,32.69230769230769,74.02517857142857
Reynolds,Bryan,668804.0,2025,654,0.315,0.338,0.262,0.443,0.10099999999999999,0.46,0.507,0.856,0.298,0.755,0.457,29.42528735632184,12.470023980815348,106.35,38.36930455635492,72.24882710686359
Walker,Christian,572233.0,2025,640,0.31,0.313,0.237,0.424,0.129,0.461,0.506,0.83,0.332,0.7709999999999999,0.4389999999999999,30.540746382330543,18.689320388349515,107.49000000000001,34.46601941747573,74.14601386481803
Urias,Ramon,602104.0,2025,391,0.292,0.289,0.232,0.369,0.08,0.41600000000000004,0.644,0.836,0.335,0.698,0.36299999999999993,26.180836707152494,18.248175182481752,103.47,33.57664233576642,70.86494522691706
Isbel,Kyle,664728.0,2025,409,0.287,0.249,0.221,0.286,0.016,0.361,0.626,0.953,0.295,0.612,0.317,17.429837518463813,13.870967741935484,103.7,26.7741935483871,69.96901893287435
Arias,Gabriel,672356.0,2025,471,0.278,0.287,0.217,0.383,0.113,0.433,0.493,0.723,0.418,0.79,0.37200000000000005,40.5458089668616,12.363636363636363,107.72,34.18181818181818,75.11971365638766
Steer,Spencer,668715.0,2025,568,0.316,0.292,0.22,0.355,0.076,0.332,0.583,0.851,0.28600000000000003,0.6990000000000001,0.41300000000000003,25.02250225022502,22.193211488250654,102.0,34.20365535248042,70.85572441742656
Sanchez,Jesus,660821.0,2025,497,0.304,0.322,0.246,0.432,0.111,0.434,0.602,0.8540000000000001,0.33399999999999996,0.7190000000000001,0.3850000000000001,25.918153200419724,14.285714285714285,107.98,30.612244897959183,75.89781287970838
Lewis,Royce,668904.0,2025,403,0.292,0.296,0.244,0.391,0.087,0.40299999999999997,0.6409999999999999,0.8420000000000001,0.34600000000000003,0.7240000000000001,0.37800000000000006,26.744186046511626,20.469798657718123,105.23,33.89261744966443,73.64787701317717
Volpe,Anthony,683011.0,2025,596,0.286,0.299,0.225,0.395,0.105,0.419,0.677,0.833,0.287,0.665,0.37800000000000006,25.068119891008173,11.027568922305765,103.8,34.83709273182957,72.62205128205129
Fermin,Freddy,666023.0,2025,347,0.28,0.27,0.234,0.331,0.042,0.341,0.59,0.8859999999999999,0.345,0.735,0.39,23.108665749656122,11.877394636015326,102.5,29.50191570881226,69.39292452830189
Gimenez,Andres,665926.0,2025,369,0.269,0.306,0.251,0.357,0.03,0.27699999999999997,0.715,0.863,0.386,0.6659999999999999,0.2799999999999999,23.670212765957448,13.857677902621724,100.76,32.958801498127336,69.29662576687117
Young,Jacob,696285.0,2025,364,0.264,0.293,0.26,0.327,0.019,0.342,0.708,0.9209999999999999,0.259,0.601,0.34199999999999997,17.142857142857142,4.4609665427509295,102.0,28.624535315985128,67.86576402321083
Arraez,Luis,650333.0,2025,675,0.313,0.3,0.287,0.358,0.011000000000000001,0.16699999999999998,0.9390000000000001,0.973,0.375,0.617,0.242,4.863973619126134,11.326860841423949,96.57000000000001,37.54045307443366,62.466505791505796
France,Ty,664034.0,2025,490,0.302,0.328,0.264,0.419,0.077,0.442,0.6559999999999999,0.9079999999999999,0.35700000000000004,0.755,0.39799999999999996,21.318228630278064,8.241758241758241,105.2,34.61538461538461,70.9899649941657
Arenado,Nolan,571448.0,2025,436,0.287,0.288,0.246,0.36,0.039,0.326,0.703,0.946,0.374,0.6579999999999999,0.2839999999999999,17.866323907455012,21.34831460674157,101.58,32.86516853932584,71.43025936599422
Gonzales,Nick,693304.0,2025,408,0.289,0.29,0.256,0.361,0.045,0.38799999999999996,0.578,0.873,0.361,0.828,0.46699999999999997,24.596273291925467,11.217948717948719,104.0,33.01282051282051,70.54891774891776
Goldschmidt,Paul,502671.0,2025,534,0.316,0.328,0.269,0.44,0.079,0.434,0.726,0.867,0.31,0.669,0.35900000000000004,20.52052052052052,14.83375959079284,105.3,37.34015345268542,72.73093363329583
Caratini,Victor,605170.0,2025,386,0.318,0.327,0.258,0.415,0.077,0.40700000000000003,0.682,0.868,0.263,0.6970000000000001,0.43400000000000005,19.818456883509832,12.982456140350877,103.67,36.140350877192986,72.4071672354949
Jr.,Lourdes,666971.0,2025,546,0.307,0.313,0.259,0.411,0.07200000000000001,0.38299999999999995,0.6809999999999999,0.899,0.375,0.708,0.33299999999999996,20.153550863723606,18.013856812933028,103.2,37.644341801385686,70.60401301518438
Tovar,Ezequiel,678662.0,2025,390,0.301,0.319,0.264,0.435,0.09300000000000001,0.389,0.561,0.836,0.455,0.8270000000000001,0.37200000000000005,31.390134529147986,17.037037037037038,105.32000000000001,44.81481481481481,71.55255754475704
Nootbaar,Lars,663457.0,2025,583,0.304,0.314,0.234,0.385,0.102,0.5,0.654,0.89,0.248,0.58,0.33199999999999996,20.79741379310345,13.19796954314721,106.07,33.50253807106599,73.44225526641884
Taylor,Tyrone,621438.0,2025,341,0.264,0.296,0.258,0.357,0.038,0.35,0.579,0.9279999999999999,0.35100000000000003,0.644,0.293,22.712418300653596,20.920502092050206,102.7,41.42259414225941,70.29179104477612
Schmitt,Casey,669477.0,2025,348,0.307,0.328,0.259,0.429,0.09,0.43799999999999994,0.565,0.884,0.353,0.738,0.385,25.801749271137027,23.605150214592275,105.1,39.91416309012876,71.673322147651
Jr.,Luis,671277.0,2025,526,0.3,0.337,0.284,0.46,0.09,0.45799999999999996,0.6940000000000001,0.897,0.408,0.718,0.31,21.616161616161616,12.832929782082324,105.2,34.14043583535109,72.40683371298405
Frazier,Adam,624428.0,2025,459,0.3,0.276,0.243,0.323,0.02,0.20600000000000002,0.736,0.89,0.331,0.727,0.39599999999999996,19.426751592356688,17.732558139534884,98.0,40.116279069767444,65.7897435897436
Garcia,Adolis,666969.0,2025,547,0.286,0.304,0.237,0.42,0.11599999999999999,0.467,0.608,0.8079999999999999,0.39,0.711,0.32099999999999995,30.303030303030305,14.511873350923482,105.9,32.98153034300791,72.2138832997988
Kiner-Falefa,Isiah,643396.0,2025,459,0.279,0.261,0.245,0.301,0.013999999999999999,0.275,0.763,0.9540000000000001,0.361,0.633,0.272,14.893617021276595,9.444444444444445,100.11,30.277777777777775,66.4463309352518
Allen,Nick,669397.0,2025,416,0.245,0.25,0.22,0.263,0.0,0.21600000000000003,0.657,0.883,0.298,0.679,0.38100000000000006,21.128608923884514,9.89399293286219,99.08,29.681978798586574,64.15592705167174
Moniak,Mickey,666160.0,2025,461,0.348,0.338,0.267,0.49,0.138,0.45299999999999996,0.556,0.858,0.401,0.762,0.361,28.159645232815965,20.489296636085626,106.05,37.61467889908257,73.69925742574257
Hernandez,Teoscar,606192.0,2025,546,0.315,0.32,0.252,0.441,0.115,0.46,0.512,0.812,0.337,0.7020000000000001,0.36500000000000005,31.852551984877124,8.77659574468085,106.2,34.04255319148936,72.97535135135136
Dominguez,Jasson,691176.0,2025,429,0.316,0.305,0.238,0.364,0.07,0.496,0.594,0.86,0.348,0.737,0.389,27.198124267291913,10.37037037037037,106.71000000000001,30.37037037037037,74.17312252964427
Vaughn,Andrew,683734.0,2025,447,0.311,0.346,0.275,0.465,0.12,0.47700000000000004,0.635,0.8959999999999999,0.322,0.6629999999999999,0.3409999999999999,21.685254027261465,15.015015015015015,105.6,38.73873873873874,70.67991573033707
Kepler,Max,596146.0,2025,474,0.3,0.329,0.245,0.43,0.11599999999999999,0.447,0.564,0.897,0.295,0.722,0.427,23.549488054607508,18.541033434650455,104.44000000000001,33.73860182370821,71.31171974522293
Castro,Willi,650489.0,2025,454,0.302,0.304,0.236,0.359,0.065,0.373,0.5820000000000001,0.8340000000000001,0.35100000000000003,0.738,0.38699999999999996,28.16281628162816,15.068493150684931,104.39000000000001,37.67123287671233,71.58726823238565
Cowser,Colton,681297.0,2025,360,0.285,0.292,0.203,0.394,0.141,0.457,0.484,0.785,0.272,0.608,0.33599999999999997,34.49920508744038,12.060301507537687,106.03,32.1608040201005,73.52418772563178
Perez,Salvador,521692.0,2025,641,0.311,0.356,0.273,0.522,0.147,0.46399999999999997,0.633,0.863,0.45399999999999996,0.7509999999999999,0.29699999999999993,26.90238278247502,20.084566596194502,106.98,36.1522198731501,72.93188908145581
Thomas,Alek,677950.0,2025,469,0.287,0.288,0.244,0.367,0.078,0.39299999999999996,0.564,0.857,0.37799999999999995,0.698,0.32,28.587570621468927,9.345794392523365,105.28,27.725856697819314,71.02255154639175
Vientos,Mark,668901.0,2025,463,0.303,0.318,0.248,0.421,0.115,0.505,0.545,0.809,0.377,0.713,0.33599999999999997,32.459016393442624,12.460063897763577,106.0,31.948881789137378,71.30165184243964
Doyle,Brenton,686668.0,2025,538,0.282,0.296,0.241,0.401,0.10800000000000001,0.446,0.516,0.855,0.32799999999999996,0.738,0.41000000000000003,29.50152594099695,11.621621621621623,105.23,32.7027027027027,70.73044982698963
Rocchio,Brayan,677587.0,2025,383,0.278,0.291,0.247,0.348,0.033,0.355,0.629,0.8640000000000001,0.341,0.711,0.36999999999999994,23.78976486860304,16.304347826086957,102.3,33.33333333333333,69.86180665610144
Lux,Gavin,666158.0,2025,503,0.322,0.296,0.243,0.326,0.036000000000000004,0.369,0.629,0.898,0.24,0.662,0.42200000000000004,21.575342465753426,16.216216216216218,101.18,37.53753753753754,69.57262210796915
Santana,Carlos,467793.0,2025,474,0.284,0.288,0.218,0.335,0.049,0.37799999999999995,0.608,0.8759999999999999,0.289,0.6759999999999999,0.38699999999999996,24.269662921348313,23.170731707317074,104.1,31.097560975609756,71.35876963350786
Benintendi,Andrew,643217.0,2025,470,0.317,0.32,0.237,0.426,0.11,0.368,0.6729999999999999,0.8370000000000001,0.332,0.736,0.40399999999999997,24.480369515011546,24.418604651162788,103.0,34.883720930232556,68.71684073107049
Larnach,Trevor,663616.0,2025,567,0.317,0.314,0.25,0.392,0.07200000000000001,0.456,0.467,0.895,0.302,0.635,0.333,29.815573770491806,14.987080103359174,106.4,35.14211886304909,72.21666666666667
Pham,Tommy,502054.0,2025,449,0.308,0.318,0.249,0.391,0.066,0.47200000000000003,0.531,0.89,0.222,0.644,0.42200000000000004,22.90809327846365,9.24092409240924,107.3,32.34323432343234,73.45600624024962
Bell,Josh,605137.0,2025,533,0.324,0.359,0.262,0.476,0.12,0.47,0.6609999999999999,0.865,0.302,0.72,0.418,23.606889564336374,15.404699738903393,107.83999999999999,34.20365535248042,73.1685941043084
Rengifo,Luis,650859.0,2025,541,0.275,0.3,0.261,0.371,0.05,0.327,0.6779999999999999,0.877,0.344,0.742,0.398,21.91119691119691,11.221945137157107,102.33999999999999,34.413965087281795,69.58192904656319
McCutchen,Andrew,457705.0,2025,551,0.309,0.332,0.26,0.409,0.08199999999999999,0.423,0.568,0.836,0.24100000000000002,0.716,0.475,26.234269119070667,18.23204419889503,103.72,33.70165745856354,71.13054298642534
Bleday,JJ,668709.0,2025,344,0.302,0.277,0.198,0.343,0.078,0.387,0.498,0.8320000000000001,0.287,0.653,0.36600000000000005,29.797979797979796,21.658986175115206,104.2,30.414746543778804,71.73442307692308
Burger,Jake,669394.0,2025,376,0.295,0.323,0.25,0.469,0.139,0.485,0.573,0.8420000000000001,0.43,0.726,0.296,29.218106995884774,12.406015037593985,108.0,34.21052631578947,74.68516228748068
Lowe,Josh,666139.0,2025,435,0.284,0.295,0.239,0.363,0.059000000000000004,0.39299999999999996,0.71,0.785,0.402,0.728,0.32599999999999996,27.844311377245507,12.758620689655173,103.84,34.13793103448276,72.4717067583047
Flores,Wilmer,527038.0,2025,463,0.302,0.282,0.228,0.332,0.048,0.26899999999999996,0.696,0.888,0.322,0.659,0.337,20.758928571428573,19.760479041916167,100.2,34.73053892215569,65.52970168612191
Gorman,Nolan,669357.0,2025,402,0.292,0.295,0.199,0.381,0.091,0.41100000000000003,0.512,0.7959999999999999,0.306,0.6859999999999999,0.37999999999999995,34.566326530612244,21.461187214611872,104.56,39.726027397260275,72.70436046511628
Iglesias,Jose,578428.0,2025,343,0.268,0.279,0.239,0.309,0.02,0.285,0.7509999999999999,0.894,0.36200000000000004,0.555,0.193,17.828200972447323,7.421875,100.26,25.78125,68.78405253283302
Lowe,Nathaniel,663993.0,2025,609,0.301,0.303,0.232,0.369,0.07,0.415,0.62,0.866,0.273,0.655,0.382,24.742268041237114,12.176165803108809,105.1,33.93782383419689,72.70912621359223
India,Jonathan,663697.0,2025,567,0.301,0.313,0.241,0.372,0.057999999999999996,0.368,0.648,0.902,0.23,0.597,0.367,19.704952581664912,16.751269035532996,104.38000000000001,33.24873096446701,71.94148681055155
Mountcastle,Ryan,663624.0,2025,357,0.284,0.311,0.257,0.419,0.11699999999999999,0.47100000000000003,0.557,0.816,0.419,0.782,0.36300000000000004,32.005141388174806,12.916666666666668,106.31,39.58333333333333,75.30394160583941
Jones,Nolan,666134.0,2025,403,0.27,0.3,0.227,0.367,0.085,0.467,0.621,0.821,0.292,0.655,0.36300000000000004,27.918781725888326,10.569105691056912,105.14,35.36585365853659,72.6888888888889
Heim,Jonah,641680.0,2025,433,0.266,0.272,0.22,0.333,0.061,0.359,0.682,0.838,0.327,0.7020000000000001,0.37500000000000006,24.20306965761511,14.743589743589745,102.38000000000001,32.69230769230769,68.9809201623816
Castellanos,Nick,592206.0,2025,589,0.3,0.3,0.244,0.399,0.076,0.345,0.579,0.8590000000000001,0.445,0.8170000000000001,0.37200000000000005,29.905808477237052,16.19047619047619,104.1,38.80952380952381,70.54946619217083
Conforto,Michael,624424.0,2025,486,0.287,0.331,0.237,0.405,0.09699999999999999,0.44,0.623,0.848,0.27,0.6859999999999999,0.4159999999999999,24.69813391877058,13.559322033898304,105.57,34.57627118644068,74.15487053020962
Freeman,Tyler,671289.0,2025,428,0.319,0.323,0.278,0.36,0.021,0.40399999999999997,0.7609999999999999,0.956,0.292,0.66,0.36800000000000005,12.285336856010568,7.83132530120482,103.8,31.024096385542173,71.17339449541285
O'Hoppe,Logan,681351.0,2025,451,0.273,0.299,0.231,0.415,0.133,0.469,0.511,0.823,0.35600000000000004,0.752,0.39599999999999996,32.93347873500545,19.230769230769234,104.65,35.66433566433567,71.9711970074813
Walker,Jordan,691023.0,2025,396,0.26,0.28,0.213,0.361,0.109,0.5,0.45,0.8270000000000001,0.361,0.688,0.32699999999999996,35.56430446194226,6.302521008403361,109.98,29.831932773109244,78.1299120234604
